sanitized_folder,sku
00,00
03S,03S
03S_1,03S
100cm,100cm
13,13
13705E,13705E
14,14
15,15
16,16
18297664355,18297664355
1C7Q-LKUT-WWJG,1C7Q-LKUT-WWJG
1C7Q-LKUT-YLKI,1C7Q-LKUT-YLKI
1C7Q-LKUU-0BA3,1C7Q-LKUU-0BA3
1C7Q-LKV8-XESV,1C7Q-LKV8-XESV
1C7Q-LKVG-ED52,1C7Q-LKVG-ED52
1C7Q-LKVM-XCM7,1C7Q-LKVM-XCM7
1C7Q-LKVM-XFLJ,1C7Q-LKVM-XFLJ
1C7Q-LKVS-MDOC,1C7Q-LKVS-MDOC
1C7Q-LKVS-MQQN,1C7Q-LKVS-MQQN
1C7Q-LKVY-TGBG,1C7Q-LKVY-TGBG
1C7Q-LKVY-UH7N,1C7Q-LKVY-UH7N
1C7Q-LKWA-VXHL,1C7Q-LKWA-VXHL
1C7Q-LKWG-J7K0,1C7Q-LKWG-J7K0
1C7Q-LKWN-4L04,1C7Q-LKWN-4L04
1C7Q-LKWN-58U7,1C7Q-LKWN-58U7
1C7Q-LKX6-27AL,1C7Q-LKX6-27AL
1X-MP6U-PC2O,1X-MP6U-PC2O
20097983286,20097983286
20787,20787
21049,21049
21799186730,21799186730
22593596031,22593596031
22894740870,22894740870
22959,22959
23050,23050
23198450269,23198450269
23293492792,23293492792
23394163018,23394163018
23398654866,23398654866
23598659179,23598659179
23697158433,23697158433
23898202378,23898202378
23898649233,23898649233
23993701091,23993701091
3370055,3370055
348942357,348942357
348942357_1,348942357
6,6
6323,6323
6_1,6
7323,7323
79050122,79050122
80cm,80cm
90cm,90cm
91-9SQS-LUGR,91-9SQS-LUGR
A21,A21
A41_BR,A41*BR
AD_GAN_BR,AD/GAN*BR
AD_SAB_BR,AD/SAB*BR
ANT55-ACO-CORTEN-DBA,ANT55-ACO-CORTEN-DBA
ARM-08,ARM-08
ASTRAPET-CASINHA-CACHORRO-AZUL,ASTRAPET-CASINHA-CACHORRO-AZUL
Assento-almofadado-astra,Assento-almofadado-astra
C17_S_BR1,C17/S*BR1
CD02,CD02
CHB-40025,CHB-40025
COM350,COM350
COR2,COR2
COR5,COR5
CPAZ,CPAZ
CR30_50,CR30/50
CS-11,CS-11
DF-YI5I-RAY1,DF-YI5I-RAY1
ESTOPAPOLIMENTO1KG,ESTOPAPOLIMENTO1KG
FLOREIRA-FLAT77,FLOREIRA-FLAT77
JCMCCQ35,JCMCCQ35
JFQFAC57,JFQFAC57
JFQFAC67,JFQFAC67
JFQFAC77,JFQFAC77
JFQFCQ57,JFQFCQ57
JFQFCQ77,JFQFCQ77
JFQFE57,JFQFE57
JFQFE67,JFQFE67
JFQFE77,JFQFE77
JFQFPA57,JFQFPA57
JFQFPA77,JFQFPA77
JFUBCQ10,JFUBCQ10
JOGOALICATES3PECAS,JOGOALICATES3PECAS
JPQFAC67,JPQFAC67
JVAQAC44,JVAQAC44
JVAQAC56,JVAQAC56
JVAQMA44,JVAQMA44
JVAQMA55,JVAQMA55
JVAQMA56,JVAQMA56
JVCDAC33,JVCDAC33
JVCDAC34,JVCDAC34
JVCDB33,JVCDB33
JVCDB34,JVCDB34
JVCDCQ33,JVCDCQ33
JVCDCQ34,JVCDCQ34
JVCDE33,JVCDE33
JVCDE34,JVCDE34
JVCDPA33,JVCDPA33
JVCDPA34,JVCDPA34
JVNTI55,JVNTI55
JVTBPA32,JVTBPA32
KIT-6-CADEADO-PAPAIZ-50MM,KIT-6-CADEADO-PAPAIZ-50MM
KIT-CADEADO-PAPAIZ-50MM-5UN,KIT-CADEADO-PAPAIZ-50MM-5UN
KIT-ROD-75CS,KIT-ROD-75CS
KIT4R-SOPRANO,KIT4R-SOPRANO
KIT4R-SOPRANO_1,KIT4R-SOPRANO
Kit2x-80,Kit2x-80
L5-9R6O-5T4G,L5-9R6O-5T4G
MLB3811846461,MLB3811846461
MLB3854208137,MLB3854208137
MLB4024087090,MLB4024087090
MLB4120667798,MLB4120667798
MLB4120668474,MLB4120668474
MLB4120669984,MLB4120669984
MLB4120681660,MLB4120681660
MLB4120685028,MLB4120685028
MLB4120695726,MLB4120695726
MLB4120721910,MLB4120721910
MLB4120724204,MLB4120724204
MLB4120734880,MLB4120734880
MLB4120736594,MLB4120736594
MLB4120737194,MLB4120737194
MLB4120758282,MLB4120758282
MLB4120784990,MLB4120784990
MLB4224065066_181633479003,MLB4224065066_181633479003
MLB4596127752,MLB4596127752
MLB5001183626,MLB5001183626
MLB5005602554,MLB5005602554
MLB5124913298,MLB5124913298
N09R,N09R
N09R_1,N09R
N8-3JO3-JN1V,N8-3JO3-JN1V
PET-ORBP-SORT,PET-ORBP-SORT
PET_CM2_AZP,PET/CM2*AZP
PET_CMF3_AZP,PET/CMF3*AZP
PET_CMF3_RSP,PET/CMF3*RSP
PET_CMGF_AZP,PET/CMGF*AZP
PET_CMGF_RSP,PET/CMGF*RSP
PET_CMGF_VMP,PET/CMGF*VMP
PET_ORBG_SORT,PET/ORBG*SORT
PET_ORBM_SORT,PET/ORBM*SORT
R9-9E30-R6VG,R9-9E30-R6VG
REF_05VM,REF 05VM
RESISTENCIAENERDUCHA,RESISTENCIAENERDUCHA
RGCT50-6,RGCT50-6
RODIZIO-75MM,RODIZIO-75MM
SV-5J4L-DOZW,SV-5J4L-DOZW
TE-C08,TE-C08
TH-05,TH-05
TPJ_AS_BR1,TPJ/AS*BR1
TPJ_AS_BR1_1,TPJ/AS*BR1
TR-BG7T-PIZH,TR-BG7T-PIZH
TTH_K_BCO-01,TTH/K*BCO-01
TVT_K_BCO-01,TVT/K*BCO-01
UZ-LUGP-FRUO,UZ-LUGP-FRUO
VASOPLANTASJAPI,VASOPLANTASJAPI
VCRAC2,VCRAC2
VF-3N82-NF68,VF-3N82-NF68
VUNA16,VUNA16
VUNRO16,VUNRO16
Vedantes-aqua,Vedantes-aqua
_COM4,COM4
_com3,com3
cr50,cr50
kit12rod35,kit12rod35
ved-100,ved-100
